Name,RunDays
Days of Our Lives,21931
Emmerdale,19397
Emergency!,18480
Saturday Night Live,18307
American Bandstand,17570
20/20,17338
This Old House,17129
Family Feud,17084
Antiques Roadshow,17081
Question Time,16862
SOKO 5113,15701
Frontline,15652
Wheel of Fortune,15407
Jeopardy!,15050
EastEnders,14888
Cosmos,14449
Casualty,14324
The Bold and the Beautiful,14126
Perry Mason,13715
Cops,13407
The Simpsons,13126
Law & Order,12856
"Goede Tijden, Slechte Tijden",12838
Columbo,12763
Later... with Jools Holland,12100
WWE Monday Night RAW,12005
Doctor Who,11859
Red Dwarf,11742
UFC PPV Events,11700
Modern Marvels,11672
Extra,11403
Birds of a Feather,11392
Babylon 5,11131
Power Rangers,10989
Silent Witness,10869
Roseanne,10808
Pokémon,10464
South Park,10330
Midsomer Murders,10109
The Challenge,10038
Twin Peaks,10010
Whose Line Is It Anyway?,9973
The Real World,9961
Mad About You,9947
Family Guy,9794
Futurama,9738
WWE Friday Night SmackDown,9706
SpongeBob SquarePants,9704
Good Eats,9637
Law & Order: Special Victims Unit,9562
Ironside,9534
One Piece,9532
I Dream of Jeannie,9528
In Search of.....,9350
Survivor,9308
Big Brother,9273
Inside the Actors Studio,9254
The Jetsons,9181
The Three Stooges,9161
Sports Illustrated: Swimsuit,9129
Agatha Christie's Poirot,9075
SOKO Leipzig,9063
The X-Files,8958
Hard Knocks,8881
The Amazing Race,8846
Cuéntame como pasó,8838
Happy Tree Friends,8679
The Bachelor,8645
Curb Your Enthusiasm,8575
American Idol,8567
"I'm a Celebrity, Get Me Out of Here!",8492
Who Wants to Be a Millionaire,8470
Anne of Green Gables,8414
Aqua Teen Hunger Force,8387
The Bachelorette,8356
Jimmy Kimmel Live,8338
Real Time with Bill Maher,8312
Dragon Ball Z,8270
The Block,8212
Only Fools and Horses,8143
Oggy et les Cafards,8134
Mayday,8118
QI,8110
NCIS,8098
Dirty Jobs,8053
The Late Show with David Letterman,7933
The Tonight Show with Jay Leno,7927
Will & Grace,7885
The First 48,7844
TNA iMPACT!,7843
Monk,7819
Snapped,7780
Live at the Apollo,7749
Bleach,7720
Ghost Hunters,7719
The Biggest Loser,7706
Project Runway,7663
The Ultimate Fighter,7616
American Dad!,7596
Robot Chicken,7582
Grey's Anatomy,7547
Deadliest Catch,7531
Hell's Kitchen,7483
Dancing with the Stars,7481
The Venture Bros.,7460
So You Think You Can Dance,7432
The Vicar of Dibley,7428
It's Always Sunny in Philadelphia,7417
UFC Fight Night,7415
Criminal Minds,7368
Top Gear,7364
Los Hombres de Paco,7351
Bondi Rescue,7231
"Little People, Big World",7205
Top Chef,7201
Waterloo Road,7200
Absolutely Fabulous,7193
The Real Housewives of Orange County,7188
Fifth Gear,7178
Gunsmoke,7142
America's Got Talent,7096
Beavis and Butt-Head,7037
World Series of Poker,7034
Time Team,7007
Not Going Out,6989
The League of Gentlemen,6918
The Graham Norton Show,6850
Shaun the Sheep,6839
The Ellen DeGeneres Show,6835
"Murder, She Wrote",6795
"Diners, Drive-Ins and Dives",6790
Zoey 101,6773
Gavin and Stacey,6770
Macy's 4th of July Fireworks Spectacular,6718
Banged Up Abroad,6698
Doc Martin,6688
How It's Made,6651
Don't Tell the Bride,6591
American Chopper,6519
Murdoch Mysteries,6514
The Real Housewives of New York City,6474
Ik Hou van Holland,6470
Celebrity Big Brother,6393
Mock the Week,6361
Last Call with Carson Daly,6344
Black Butler,6262
The Real Housewives of Atlanta,6257
Reno 911!,6256
Ghost Adventures,6247
Trailer Park Boys,6186
Chopped,6159
Jonathan Creek,6152
RuPaul's Drag Race,6139
Ancient Aliens,6105
Party Down,6093
Eggheads,6062
Deadly Women,6057
A Haunting,6055
The Daily Show with Jon Stewart,6051
The Real Housewives of New Jersey,6040
Kojak,5987
Pawn Stars,5972
Shark Tank,5951
Hoarders,5943
Kitchen Nightmares,5920
The Soup,5920
Squidbillies,5901
American Ninja Warrior,5826
What's My Car Worth?,5809
The Fairly OddParents,5808
American Pickers,5789
Overhaulin',5776
Samurai Jack,5762
WWE NXT,5753
Who Do You Think You Are?,5743
L.A. Law,5718
How the Universe Works,5692
Prime Suspect,5677
Cupcake Wars,5643
Late Night with Conan O'Brien,5639
Psych,5613
Arrested Development,5612
MasterChef,5599
Who the (Bleep) Did I Marry?,5591
Swamp People,5573
Deadwood,5549
Supernatural,5546
Blue Bloods,5540
Sister Wives,5538
The Only Way is Essex,5524
The Real Housewives of Beverly Hills,5520
Rugrats,5504
Mythbusters,5501
Storage Wars,5472
Gold Rush,5470
CSI: Crime Scene Investigation,5469
America's Next Top Model,5440
Bob's Burgers,5433
Al Jazeera Investigations,5419
Bubble Guppies,5418
Veronica Mars,5413
Engrenages,5410
Mrs. Brown's Boys,5390
The Voice,5326
Too Cute!,5322
Made in Chelsea,5313
ER,5309
Geordie Shore,5298
Penn & Teller: Fool Us,5273
Dance Moms,5248
Bar Rescue,5244
Archer,5204
The X Factor,5202
Ridiculousness,5201
The Jonathan Ross Show,5196
American Horror Story,5164
Talking Dead,5152
Death in Paradise,5144
Black Mirror,5104
Moonshiners,5102
Impractical Jokers,5093
8 Out of 10 Cats Does Countdown,5075
Play for Today,5066
Call the Midwife,5062
Ink Master,5060
My 600-Lb. Life,5045
30 Rock,5027
Keeping Up with the Kardashians,4998
NCIS: Los Angeles,4989
Wicked Tuna,4985
Good Witch,4937
L.A. Hair,4925
Kendra on Top,4920
Graveyard Carz,4911
In Treatment,4900
Sword Art Online,4888
Xtreme Waterparks,4887
King of the Hill,4861
The Sarah Jane Adventures,4857
Bad Education,4850
Daniel Tiger's Neighborhood,4830
Man Fire Food,4815
Chicago Fire,4793
George Clarke's Amazing Spaces,4780
Dallas,4779
Pesadilla en la Cocina,4778
Pit Bulls & Parolees,4775
Great Continental Railway Journeys,4764
Phineas and Ferb,4760
Catfish: The TV Show,4760
Wives with Knives,4749
24,4711
Vanderpump Rules,4704
Luther,4693
Shetland,4642
Major League Baseball on ESPN,4621
Your Pretty Face is Going to Hell,4603
Teen Titans Go!,4598
Mysteries at the Monument,4582
Life Below Zero°,4572
Treehouse Masters,4560
Street Outlaws,4550
Street Outlaws: Full Throttle,4539
Naked and Afraid,4537
Naked and Afraid: Uncensored,4530
The Profit,4500
Cutthroat Kitchen,4488
Paw Patrol,4487
Beat Bobby Flay,4474
Last Comic Standing,4474
Peep Show,4471
Foyle's War,4466
Cold Justice,4465
Buying the Bayou,4461
Survivorman,4456
Taboo,4449
Undercover Boss,4443
MasterChef Junior,4441
When Calls the Heart,4433
"Signed, Sealed, Delivered",4426
The Walking Dead,4403
Rick and Morty,4375
The Great Christmas Light Fight,4368
The Curse of Oak Island,4341
Chicago P.D.,4338
True Detective,4334
Road Rules,4312
Evolution of Evil,4301
The Tonight Show Starring Jimmy Fallon,4298
Prison Break,4292
Late Night with Seth Meyers,4291
Breaking Bad,4282
Death Row Stories,4278
Lockup,4270
Teen Wolf,4253
The Big Bang Theory,4252
Baywatch,4252
Nancy Grace,4252
"Dr. Oakley, Yukon Vet",4244
Fear Thy Neighbor,4242
Fargo,4241
Vegas Rat Rods,4239
Star Wars: The Clone Wars,4231
Last Week Tonight with John Oliver,4229
Hawaii Five-O,4215
Bones,4214
Young Justice,4213
Park Bench with Steve Buscemi,4211
New Tricks,4205
Ax Men,4204
Return to Amish,4194
Tosh.0,4191
Bizarre Foods with Andrew Zimmern,4187
NYPD Blue,4179
Botched,4171
Two and a Half Men,4168
Tiny House Nation,4156
Masters of Illusion,4133
Bachelor in Paradise,4130
Outlander,4125
Wicked Tuna: Outer Banks,4117
Carnival Eats,4116
The Goodies,4115
Benidorm,4108
Living with the Enemy,4100
Secret Guide to Fabulous,4100
Big Brother Canada,4088
Endeavour,4087
The Henry Ford's Innovation Nation,4076
Grantchester,4067
Fear Factor,4053
Justice with Judge Jeanine,4039
Air Warriors,4033
Stargate SG-1,4020
My Family,4000
"Tiny House, Big Living",3997
Tiny House Hunters,3997
Bringing Up Bates,3980
"Underworld, Inc.",3974
Expedition Unknown,3973
Alaska: The Last Frontier,3972
Hacking the System,3962
Nightwatch,3959
Bizarre Foods: Delicious Destinations,3955
Kids Baking Championship,3948
Match Made in Heaven,3946
What on Earth?,3940
See No Evil,3933
7th Heaven,3912
Breaking Borders,3907
Happy Days,3905
Round the Twist,3902
Hot GRITS,3897
Frasier,3892
7 Little Johnstons,3891
The Aurora Teagarden Mysteries,3887
Cheers,3885
Conan,3881
GunnyTime with R. Lee Ermey,3876
The Ride,3873
Waking the Dead,3871
You Bet Your Life,3871
Psycho-Pass,3864
Attack on Titan,3863
Psychic Matchmaker,3860
Modern Family,3850
Mickey Mouse Clubhouse,3837
You're Under Arrest!,3837
Rocky Mountain Reno,3830
Branson Taxi,3824
M*A*S*H,3816
Southern Uncovered with the Lee Bros.,3816
Not Exactly News,3813
Alone,3812
BattleBots,3809
Celebrity Family Feud,3809
Forged in Fire,3808
Bad Girls Club,3801
Cake Wars,3801
Ice Road Truckers,3798
The Thundermans,3797
Takeshi's Castle,3793
Rocky Mountain Law,3792
Dr. Jeff: Rocky Mountain Vet,3789
Building Belushi,3789
Naked and Afraid XL,3788
I Am Jazz,3785
"Burgers, Brew & 'Que",3783
Inside No. 9,3780
The Little Couple,3773
Bunk'd,3769
Kath and Kim,3766
Anthony Bourdain: No Reservations,3765
Shameless,3745
VICE,3733
Married... with Children,3718
The Late Late Show with Craig Ferguson,3714
Naruto: Shippūden,3689
Chicago Med,3660
Fairy Tail,3639
'Allo 'Allo!,3637
Strike Back,3635
Jail,3602
American Crime Story,3583
The Blacklist,3580
The Night Manager,3564
Adventure Time,3557
Law & Order: Criminal Intent,3556
Plebs,3545
Friends,3514
"Beverly Hills, 90210",3513
Last Man Standing,3509
The Goldbergs,3508
JAG,3506
Smallville,3496
The Comeback,3493
CSI: Miami,3485
Hawaii Five-0,3483
Inside Amy Schumer,3481
Flikken,3472
Spooks,3450
ALF,3435
Counting Cars,3397
The Jinx: The Life and Deaths of Robert Durst,3395
Punk'd,3370
Friday Night Dinner,3353
Matlock,3349
The Colbert Report,3349
Batman: The Brave and the Bold,3344
MacGyver,3343
Are You the One?,3340
Cake Boss,3340
The NEW Celebrity Apprentice,3329
The Syndicate,3325
Agatha Christie's Marple,3304
Chrisley Knows Best,3303
The Drew Carey Show,3283
Last Exile,3274
The Vanilla Ice Project,3250
Seinfeld,3235
Line of Duty,3232
The Game,3230
Family Matters,3220
Happy Valley,3204
Friday Night with Jonathan Ross,3178
Rude Tube,3177
Everybody Loves Raymond,3167
The Love Boat,3164
Knight Rider,3157
The King of Queens,3157
The Middle,3156
The Flash,3151
The Boondocks,3151
Most Evil,3150
Touched by an Angel,3140
Alaskan Bush People,3134
Homeland,3129
Peaky Blinders,3125
Ray Donovan,3120
One Tree Hill,3116
How I Met Your Mother,3115
Are You Smarter Than a 5th Grader?,3115
Little House on the Prairie,3113
Wentworth,3100
The Beverly Hillbillies,3100
Scrubs,3088
One Day at a Time,3086
CSI: NY,3075
The Sopranos,3073
Night Court,3070
The Avengers,3056
North and South,3040
Mind Your Language,3025
Suits,3016
Fear the Walking Dead,3010
All in the Family,3008
The Office,2975
Game of Thrones,2954
"Walker, Texas Ranger",2950
American Restoration,2939
Dragon Ball Kai,2932
Miss Fisher's Murder Mysteries,2925
Vikings,2924
The Dog Whisperer,2924
Brooklyn Nine-Nine,2921
The Universe,2916
Hustle,2915
Fast N' Loud,2910
Mad Men,2859
Are You Afraid of the Dark?,2857
Dog the Bounty Hunter,2853
No Hiding Place,2836
That '70s Show,2825
The Lone Ranger,2821
Dragnet,2807
Home Improvement,2807
Full House,2804
According to Jim,2799
The IT Crowd,2793
Mom,2789
Charmed,2783
Gomorra,2782
Desperate Housewives,2779
The Cosby Show,2779
The Critic,2775
Who's the Boss?,2774
The Mole,2771
Alvinnn!!! and the Chipmunks,2770
Newhart,2765
black-ish,2764
Dexter's Laboratory,2762
Penn & Teller: Bullshit!,2757
Bad Girls,2757
Face Off,2750
Young Dracula,2748
Bewitched,2746
Better Call Saul,2745
Wallander,2744
House,2743
The Vampire Diaries,2738
McLeod's Daughters,2733
Silk Stalkings,2719
The Thick of It,2718
Fatal Vows,2711
Girlfriends,2709
Tanked,2700
Magnum P.I.,2698
Last Tango in Halifax,2672
Arrow,2666
Simon & Simon,2655
A Bit of Fry and Laurie,2654
M.I. High,2646
ReBoot,2638
The Practice,2630
Castle,2625
Superjail!,2625
The Millionaire Matchmaker,2623
The Closer,2618
Portlandia,2617
Entourage,2611
Rescue Me,2604
Penoza,2604
Weeds,2597
Tales from the Crypt,2596
Royal Pains,2589
Wings,2589
Stewart Lee's Comedy Vehicle,2579
Veep,2576
Pretty Little Liars,2576
Homicide: Life on the Street,2569
Comedians in Cars Getting Coffee,2556
Hollywood Game Night,2551
Dexter,2548
Grace and Frankie,2548
Through the Wormhole,2533
Sky King,2528
Kate Plus 8,2520
Marvel's Agents of S.H.I.E.L.D.,2514
Elementary,2513
Californication,2512
Hellsing Ultimate,2511
Melrose Place,2511
The Outer Limits,2490
Running Wild with Bear Grylls,2485
Step by Step,2471
Episodes,2464
Just Shoot Me!,2458
The Shield,2450
Pioneers of Television,2442
NCIS: New Orleans,2434
Adam-12,2432
Star Trek: The Next Generation,2429
The Golden Girls,2429
New Girl,2429
Without a Trace,2427
The West Wing,2426
Family Ties,2426
19 Kids and Counting,2423
The Good Wife,2420
Nip/Tuck,2416
Boy Meets World,2415
Gilmore Girls,2413
America Unearthed,2412
"Quincy, M.E.",2411
My Hero,2410
Cold Case,2408
Sabrina: The Teenage Witch,2400
Once Upon a Time,2399
"Harvey Birdman, Attorney at Law",2395
The 100,2387
Skins,2384
Petticoat Junction,2384
Sherlock,2366
Star Trek: Deep Space Nine,2341
The Mentalist,2339
The Flying Doctors,2336
Bron / Broen,2335
Blackadder,2332
Total Divas,2326
Bosch,2324
Regular Show,2324
Star Trek: Voyager,2319
The Powerpuff Girls,2319
Malcolm in the Middle,2317
Dual Survival,2315
Rules of Engagement,2296
Sons of Anarchy,2288
Evil Twins,2280
Durarara!!,2269
Burn Notice,2268
Wipeout,2266
Younger,2263
Buffy the Vampire Slayer,2262
Nazi Megastructures,2250
Rizzoli & Isles,2247
Comic Book Men,2247
Mickey Spillane's Mike Hammer,2234
Full Throttle Saloon,2233
The League,2232
DC's Legends of Tomorrow,2232
Charles in Charge,2229
Battlestar Galactica,2225
The Expanse,2223
Teenage Mutant Ninja Turtles,2219
Drunk History,2219
Nurse Jackie,2211
Medium,2209
Orange Is the New Black,2206
Supergirl,2206
Scandal,2205
DCI Banks,2200
Ancient Discoveries,2199
Army Wives,2198
Strip the Cosmos,2198
Obsession: Dark Desires,2196
Eureka,2190
Wire in the Blood,2178
True Blood,2177
CopStories,2177
Metalocalypse,2171
Workaholics,2170
Frankie & Neffe,2157
Forbrydelsen,2149
Parks and Recreation,2147
Wife Swap,2147
Mr. Bean,2144
Westworld,2142
The Catherine Tate Show,2139
Switched at Birth,2136
Glee,2131
Xena: Warrior Princess,2121
The Rockford Files,2115
Nashville,2115
Snowfall,2114
The Greg Gutfeld Show,2113
Outrageous Acts of Science,2111
The Wire,2107
House of Cards,2100
Marvel's Avengers Assemble,2100
Finding Bigfoot,2099
Sex and the City,2087
Leave It to Beaver,2085
Community,2084
The Fresh Prince of Bel-Air,2079
Power,2073
Silicon Valley,2072
Lost,2069
Sofia the First,2066
Mike & Molly,2065
Henry Danger,2065
Crossing Jordan,2060
Party of Five,2060
The Carbonaro Effect,2058
How to Get Away with Murder,2058
The Nanny,2058
Lucifer,2055
CHiPs,2054
Judging Amy,2053
Oz,2052
Third Watch,2052
Spin City,2051
Highlander,2051
Green Acres,2050
Adventures of Superman,2047
Hotel Impossible,2044
FantomWorks,2040
Anthony Bourdain: Parts Unknown,2037
2 Broke Girls,2037
Hercules: The Legendary Journeys,2032
Underbelly,2027
Hogan's Heroes,2025
The Cisco Kid,2025
Insane Pools: Off the Deep End,2022
Batman: The Animated Series,2019
Wahlburgers,2016
Cougar Town,2015
Hollands Hoop,2010
The Flintstones,2009
Sengoku Basara,2006
A Place to Call Home,2002
T.I. and Tiny: The Family Hustle,2002
Good Times,2000
"Drugs, Inc.",1998
Longmire,1993
What's with Andy?,1989
BoJack Horseman,1988
The Roy Rogers Show,1988
Haven,1987
Grimm,1981
Major Crimes,1975
Invader ZIM,1968
Drawn Together,1968
Viper,1966
"Yes, Dear",1962
Reba,1962
"Dr. Quinn, Medicine Woman",1961
3rd Rock from the Sun,1960
Miami Vice,1957
The Americans,1946
El Ministerio del Tiempo,1946
Private Practice,1945
Superstore,1942
Dawson's Creek,1940
Law & Order: UK,1934
Empire,1931
The Wonder Years,1928
Deutschland,1927
Hit the Floor,1919
The Dead Zone,1918
Kim Possible,1918
Downton Abbey,1916
Gossip Girl,1916
Becker,1913
Schitt's Creek,1911
Little Mosque on the Prairie,1910
Password,1910
The Pretender,1908
Little Women: LA,1906
Operation Repo,1906
Steven Universe,1904
Madam Secretary,1904
iCarly,1903
The Listener,1902
Dokter Tinus,1902
Destination Truth,1896
Mount Pleasant,1896
Unbreakable Kimmy Schmidt,1894
Broad City,1891
Monty Python's Flying Circus,1887
Saving Hope,1883
White Collar,1882
Miranda,1879
The L Word,1879
Damages,1877
The Mindy Project,1876
Criss Angel: Mindfreak,1876
Numb3rs,1874
Saved by the Bell,1874
Lost Girl,1869
I'm Alan Partridge,1869
Sharknado,1865
Nowhere Boys,1864
Ice Cold Killers,1863
Nash Bridges,1862
Rookie Blue,1861
Man vs. Wild,1859
Justified,1855
Ice Pilots NWT,1855
This is England,1853
The Affair,1848
Fresh Off the Boat,1843
Bring It!,1842
Northern Exposure,1840
Big Love,1834
Lexx,1834
Duck Dynasty,1834
The Mighty Boosh,1829
The Fosters,1829
Transparent,1827
Girls,1827
Melissa & Joey,1814
Hot in Cleveland,1813
Drop Dead Diva,1806
The Secret Life of the American Teenager,1798
Baby Daddy,1797
Scott and Bailey,1795
Mob Wives,1795
Parenthood,1794
Louie,1794
Where on Earth is Carmen Sandiego?,1792
X-Men,1785
Thunderbirds Are Go,1785
Torchwood,1783
Due South,1783
Blossom,1782
Sliders,1780
Warehouse 13,1777
Awkward.,1771
Hunter x Hunter,1768
Yes Minister,1767
Blindspot,1767
The Man in the High Castle,1765
The Originals,1763
Bloedverwanten,1761
Hannah Montana,1759
That's So Raven,1758
Jane the Virgin,1752
New Japan Pro Wrestling on AXS TV,1751
Saenai Heroine no Sodatekata,1745
Bang Goes the Theory,1743
Airplane Repo,1743
The Doctor Blake Mysteries,1738
Taxi,1737
Charlie's Angels,1736
Eastbound & Down,1736
Person of Interest,1734
Greg the Bunny,1725
The Twilight Zone,1722
Hell on Wheels,1721
You're the Worst,1721
Ally McBeal,1715
90210,1714
Whitechapel,1710
Queer As Folk,1708
Black Gold,1708
Ghost Whisperer,1701
Say Yes to the Dress: Since the Big Day,1701
Nieuwe Buren,1699
Alias,1695
Hardcore Pawn,1694
Wolfblood,1694
Angel,1688
Brothers & Sisters,1687
Earth: Final Conflict,1687
Andromeda,1684
"Gomer Pyle, U.S.M.C.",1680
Going RV,1680
Dharma & Greg,1679
Gotham,1676
Peg + Cat,1659
Renegade,1658
That Girl,1653
Fresh Meat,1650
The Incredible Hulk,1650
Mr. Robot,1642
The Fall Guy,1640
Brass Eye,1639
Stargate Atlantis,1638
Comedy Bang! Bang!,1638
Tokyo Ghoul,1636
Star Trek Continues,1634
Poldark,1632
Little Britain,1629
Combat!,1624
The Brady Bunch,1624
The Perfect Murder,1621
Covert Affairs,1619
House of Lies,1617
Flashpoint,1616
Las Vegas,1607
A Crime to Remember,1607
The Last Ship,1603
Remington Steele,1600
Primeval,1599
iZombie,1598
Orphan Black,1596
Unhappily Ever After,1593
Fringe,1592
Top of the Lake,1592
Friday Night Lights,1590
Naruto,1589
Chuck,1586
Unforgettable,1585
Star vs. the Forces of Evil,1582
The Director's Chair,1580
Citizen Khan,1579
Daria,1575
Ballers,1575
Z Nation,1568
The Young Indiana Jones Chronicles,1565
Extreme Weight Loss,1562
Merlin,1556
Killjoys,1554
Horatio Hornblower,1552
Wizards of Waverly Place,1547
Lip Sync Battle,1547
Glitch,1543
Six Feet Under,1540
Being Mary Jane,1540
Moonlighting,1533
Falling Skies,1533
Celebrity Motor Homes,1532
Boston Legal,1527
Pee-Wee's Playhouse,1526
The New Adventures of Old Christine,1521
The Tunnel,1520
60 Minutes Sports,1518
Rogue,1512
La Femme Nikita,1511
My Wife and Kids,1511
The Six Million Dollar Man,1508
Broadchurch,1505
Being Human,1505
The A-Team,1505
The Hills,1504
Stan Lee's Superhumans,1504
Man Down,1503
Quantum Leap,1501
Aeon Flux,1500
LA Ink,1500
Pacific Blue,1499
Boardwalk Empire,1498
Bates Motel,1498
Love/Hate,1498
Fawlty Towers,1497
Coupling,1494
Young & Hungry,1491
Misfits,1490
StarTalk,1487
Leverage,1479
Grounded for Life,1479
Jessie,1477
21 Jump Street,1476
Forever Knight,1473
Paranormal Survivor,1472
Mozart in the Jungle,1471
Scream: The TV Series,1471
Lucha Underground,1470
The Sing-Off,1470
Southland,1469
Sea Patrol,1468
Farscape,1463
Gooische Vrouwen,1454
Unidad Central Operativa,1443
Lab Rats,1437
Beauty & the Beast,1435
In Plain Sight,1433
Ghost in the Shell: Stand Alone Complex,1431
Single Ladies,1423
Good Luck Charlie,1414
Exes & Ohs,1409
Fortitude,1407
Verses and Flow,1407
Wonder Woman,1404
Mezzo,1403
Rev.,1400
We Bare Bears,1400
Uncle Grandpa,1397
Misfit Garage,1395
The Exes,1386
My Boys,1384
Solitary,1384
Ripper Street,1382
'til Death,1382
H2O: Just Add Water,1379
Profiler,1379
Picket Fences,1377
Life in Pieces,1375
Marvel's Guardians of the Galaxy,1373
Sneaky Pete,1372
Dennis the Menace,1372
Lois & Clark: The New Adventures of Superman,1371
Escaping Polygamy,1371
Highway Patrol,1363
S Club 7,1359
Everwood,1358
Treme,1358
"China, IL",1351
Soap,1350
Punky Brewster,1349
Murder Made Me Famous,1346
Drake & Josh,1344
Hack My Life,1344
The Last Alaskans,1343
The Simple Life,1342
Gravity Falls,1340
Celebrity Wife Swap,1339
Reign,1338
GREEK,1337
Early Edition,1337
Rectify,1332
My Name Is Earl,1332
Felicity,1331
The Cleveland Show,1330
V.I.P.,1330
Ramsay's Kitchen Nightmares,1330
Kourtney & Kim Take Miami,1330
Vicious,1327
Revenge,1327
Star Trek: Enterprise,1325
Girlfriends' Guide to Divorce,1325
Everybody Hates Chris,1324
The Team,1317
Key & Peele,1317
The Untouchables,1314
Martin Lawrence Presents 1st Amendment Stand-Up,1311
ReGenesis,1309
Major Dad,1307
Marooned with Ed Stafford,1306
Motive,1304
Marvel's Jessica Jones,1302
Scorpion,1302
The District,1302
The O.C.,1297
Black Books,1294
Ugly Betty,1294
Airwolf,1293
Sleepy Hollow,1292
Raising Hope,1291
Web Therapy,1289
Marvel's Daredevil,1288
How It's Made: Dream Cars,1288
IRIS,1282
"Doogie Howser, M.D.",1282
Duckman: Private Dick/Family Man,1281
What I Like About You,1281
Hart of Dixie,1278
The Partridge Family,1275
The Batman,1274
Secret Diary of a Call Girl,1272
Crazy Ex-Girlfriend,1271
Into the Badlands,1268
12 Monkeys,1267
Club de Cuervos,1267
Greatest Tank Battles,1266
The Fall,1264
The Suite Life of Zack and Cody,1263
No Offence,1262
Steve Austin's Broken Skull Challenge,1262
Ranma ½,1259
Dragon Ball Super,1258
Still Standing,1255
Superman: The Animated Series,1254
Star Wars: Rebels,1253
Pimp My Ride,1253
Starhunter,1249
Booze Traveler,1246
Being,1246
Avatar: The Last Airbender,1244
Franklin & Bash,1239
El Internado,1238
Air Ways,1234
Love Child,1233
Heroes,1232
Halt and Catch Fire,1231
Continuum,1230
Lauren!,1227
Banshee,1225
Física o Química,1225
The Hunt with John Walsh,1225
TURN: Washington's Spies,1224
The Street,1222
Evil Kin,1219
Dance Academy,1218
The Killing,1216
The Man from U.N.C.L.E.,1210
Shadowhunters: The Mortal Instruments,1210
Sons of Guns,1206
Nikita,1205
Him & Her,1200
Anyone But Me,1199
Vanity Fair Confidential,1197
The Night Shift,1192
Newport Harbor: The Real Orange County,1192
Mistresses,1191
Lovesick,1187
Southern Justice,1184
Sanctuary,1183
Code 37,1179
Spartacus,1176
The Tudors,1176
"Tim and Eric Awesome Show, Great Job!",1176
Treasure Quest: Snake Island,1176
Spider-Man,1169
The Sarah Silverman Program,1169
Seven Year Switch,1169
Maron,1167
Black Sails,1163
Two Guys and a Girl,1163
The 4400,1162
The Strain,1162
The Last Man on Earth,1162
Sanjay and Craig,1161
The Unit,1160
Mr. Selfridge,1160
The Librarians,1158
Jeeves & Wooster,1155
The Royals,1155
Tank Overhaul,1155
The John Larroquette Show,1154
The Treehouse Guys,1154
Arvingerne,1152
Mr. Show,1151
Dragon Ball,1148
Wilfred,1147
Hinterland,1146
The Glades,1142
Devious Maids,1142
UnREAL,1141
Masters of Sex,1141
The Lost World,1136
South of Nowhere,1134
Edge of Alaska,1129
Uncle,1126
Ladyboys,1123
Review,1120
Yonderland,1120
Humans,1117
Unplugged Nation,1115
Jersey Shore,1113
K.C. Undercover,1111
Survivor's Remorse,1107
Courage the Cowardly Dog,1106
Sonic Boom,1106
Sense8,1099
Shake It Up,1099
Shear Genius,1092
Shingeki no Bahamut Genesis,1089
X-Men: Evolution,1085
Danger 5,1084
Moral Orel,1080
Even Stevens,1080
Beauty and the Geek,1077
Freezing,1077
Brilliant Ideas,1074
Batman Beyond,1073
Being Erica,1071
The Leftovers,1071
Saving Grace,1064
Gangland,1058
Lilyhammer,1057
Les Revenants,1057
Make It or Break It,1057
Mad Dogs,1053
The Nine,1050
Tattoo Nightmares,1050
Wander Over Yonder,1046
Cowboy Bebop,1043
Victorious,1043
Quantico,1041
Tiny House Hunting,1041
Britain's Flying Past,1032
Kingdom,1029
Slings & Arrows,1029
Code Black,1022
Wild Grinders,1020
Parker Lewis Can't Lose,1015
Salem,1011
Chowder,1009
The Big C,1008
Harvey Beaks,1006
Another Period,1001
Fast N' Loud: Demolition Theater,1001
Star Trek,999
Kyle XY,994
Darker Than Black,994
Robin Hood,994
Kekkai Sensen,993
Ned's Declassified School Survival Guide,993
What's Happening Now!,987
Derek,984
Perception,981
The Legend of Korra,979
Rurouni Kenshin,979
Waterfront House Hunting,976
Transformers: Robots in Disguise,973
Relic Hunter,968
Penn Zero: Part-Time Hero,966
From Dusk Till Dawn: The Series,966
7 Days,965
Riptide,962
Suburgatory,959
The Hunger,959
Snooki & JWoww,958
The Avengers: Earth's Mightiest Heroes!,956
Mutant X,954
The Suite Life on Deck,952
The Guardian,952
Annedroids,952
Roswell,951
Tour of Duty,947
Beastmaster,947
Dog Whisperer with Cesar Millan: Family Edition,945
Noel Fielding's Luxury Comedy,945
I Spy,943
8 Simple Rules,941
Millennium,938
Girl Meets World,938
Once and Again,937
Moone Boy,934
Porridge,932
Brickleberry,931
Son of the Beach,931
The Musketeers,925
Da Vinci's Demons,925
Hand of God,924
Sweating Bullets,924
A Stranger in My Home,922
Video Game High School,920
Hostages,919
Missing,918
Lowdown,918
Hemlock Grove,917
Teen Titans,912
Ash vs Evil Dead,911
Storage Hunters,910
Black Dynamite,909
Biggest and Baddest,909
Anger Management,907
Dark Justice,907
The Newsroom,903
My Mad Fat Diary,903
Irwin Allen's Lost in Space,903
The Inbetweeners,900
House of Anubis,898
Mortal Kombat: Legacy,898
Momsters: When Moms Go Bad,898
Crossing Lines,894
Hung,889
Los Protegidos,884
United States of Tara,883
First Wave,882
NTSF:SD:SUV,882
#RichKids of Beverly Hills,882
Look Around You,879
Don't Trust the B---- in Apartment 23,878
Hannibal,877
The Ricky Gervais Show,875
Maison Close,875
TripTank,873
American Gothic,868
I'd Kill for You,868
The Fall and Rise of Reginald Perrin,868
Defiance,865
The PJs,861
American Chopper: Senior vs. Junior,858
Berlin Station,854
Green Wing,853
The Meltdown with Jonah and Kumail,853
Gargoyles,852
WAGS,852
The Bionic Woman,850
The Following,847
Tenacious D,845
Mutt & Stuff,845
My Giant Life,845
Ben 10,840
Kirby Buckets,836
Ben 10: Omniverse,835
Ashes to Ashes,834
Graceland,833
Super Password,833
Odd Mom Out,828
Profugos,826
Bitten,825
Project Mc²,823
Arctic Air,819
Sex Sent Me to the ER,819
Supercar Superbuild,819
Murder in the First,818
Zoo,814
An Idiot Abroad,813
Dungeons & Dragons,812
Human Resources,812
Instant Mom,811
Goodness Gracious Me,809
Under the Dome,808
Tyrant,806
The Tick,806
Dark Matter,805
The Borgias,805
Stitchers,804
Breaking Amish,802
Mysteries at the Castle,802
Bored to Death,799
Bloodline,798
Cedar Cove,798
Kroll Show,797
Batman,792
Phil of the Future,792
Body of Proof,791
Hawthorne,791
Robin of Sherwood,791
Bikinis & Boardwalks,791
Dating Naked: Playing for Keeps,790
See Dad Run,789
Pig Goat Banana Cricket,789
American Crime,787
King of the Nerds,785
Survivors,784
Necessary Roughness,784
Man Seeking Woman,784
Railroad Alaska,777
Some Girls,776
Penny Dreadful,770
Cranford,770
Bluestone 42,769
NY Med,765
The Missing,764
Sisterhood of Hip Hop,763
Airplane Repo: Wheels Up,762
Mighty Med,760
Wizards vs Aliens,757
X Company,756
Faking It,756
Strange Sex,756
Preachers' Daughters,752
Happy Endings,751
Husbands,751
Digimon: Digital Monsters,750
Getting On,749
Car Matchmaker,743
Spawn,742
Deadbeat,742
Caught on Camera with Nick Cannon,742
The People Remember,741
Lie to Me,740
The Booth at the End,738
Witchblade,729
Cat's Eye,728
MTV Fandom Awards,728
My Babysitter's a Vampire,727
WPC 56,725
Fat n' Furious: Rolling Thunder,721
Psychoville,718
A Touch of Cloth,714
The Carmichael Show,714
The Field of Blood,711
The Odd Couple,711
Transporter: The Series,709
Ben 10: Ultimate Alien,708
Ben 10: Alien Force,707
Sonny with a Chance,700
SharkFest,700
Premier Boxing Champions: The Next Round,698
Skin Wars,693
V,691
Outside Edge,691
Blue Mountain State,688
Jeremiah,687
"Something Borrowed, Something New",686
Hollywood Divas,686
Dirty Sexy Money,682
Top Boy,680
Ultimate Survival Alaska,679
Chiringuito de Pepe,679
Flex & Shanice,665
Mysterious Ways,659
Uncommon Sense with Charlamagne Tha God,658
Men at Work,657
The Millers,653
Justice League Unlimited,651
Dragon Ball GT,651
Samantha Who?,647
Flight of the Conchords,644
How to Make It in America,644
Secrets and Lies,644
Top Design,644
Undeclared,641
Men in Trees,638
Up the Women,636
Lucky Louie,632
Marvel's Luke Cage,630
Puberty Blues,630
Gangland Undercover,629
Digimon Fusion,628
Rugged Justice,620
The Mind of a Murderer,620
Pushing Daisies,619
Randall & Hopkirk (Deceased),616
Revolution,611
Undateable,610
Reaper,609
Happily Divorced,609
Cory in the House,609
Shark,607
Prey,604
Golan the Insatiable,603
The Adventures of Sinbad,603
Sports Night,602
Almost Royal,597
The Agency,597
Martial Law,595
Atlantis,595
Huff,595
Lip Service,591
WWE Unfiltered with Renee Young,589
The Young Ones,588
Blue Collar Millionaires,588
Stargate Universe,584
Rosewood,583
XIII: The Series,579
Dark Angel,577
The Nightly Show with Larry Wilmore,577
Men of a Certain Age,576
Cuestión de Sexo,576
Tabloid,576
Every Witch Way,575
The Lying Game,575
DreamWorks Dragons,575
Rome,574
Utopia,574
Buck Rogers in the 25th Century,574
Heartless,573
Monster in My Family,573
Marco Polo,567
Spaced,567
Legend of the Seeker,567
Jack & Jill,563
The Neighbors,562
Metal Hurlant Chronicles,562
The City,561
Life,560
Carnivàle,560
Rock This Boat: New Kids on the Block,560
Hit Record on TV with Joseph Gordon-Levitt,559
Amazing Stories,558
Fameless,558
Alpha House,553
The Rat Patrol,553
Flying Wild Alaska,553
Jericho,552
Whitney,552
Package Deal,551
Dilbert,547
Spider-Man Unlimited,546
Dr. Ken,546
Joey,544
The Pitch,543
Tru Calling,539
Marvel's Iron Fist,539
Catch a Contractor,539
The Haunted,537
Hollywood Hillbillies,536
Best Friends Whenever,534
The Village,532
The Mysteries of Laura,532
Crossbow,531
Gamer's Guide to Pretty Much Everything,530
Eli Stone,527
Finding Carter,525
Bella and the Bulldogs,525
Frisky Dingo,525
Celebrity Damage Control,524
Deal With It,520
Satisfaction,519
JONAS,519
Heroes Unmasked,516
The Hour,513
About a Boy,513
Fairly Legal,512
Impastor,511
The Ambassador,511
Save Our Shelter,511
Enlightened,510
The Bletchley Circle,508
Sledge Hammer!,507
Manhattan,506
Doll & Em,505
Star Wars: Clone Wars,504
Breaking In,504
Cutting It: In the ATL,504
Legends,502
Twenty Twelve,498
The Knick,497
Magic City,497
Powers,497
15 Storeys High,497
Harry's Law,496
Dead Like Me,492
Guilty Pleasures,488
Seed,486
Preachers of L.A.,485
Secret Lives of Americans,483
Legit,482
Bomb Girls,481
Blunt Talk,477
Married at First Sight: The First Year,476
Smash,475
Chasing Life,475
100 Things to Do Before High School,473
The Loop,473
Touch,471
Aquarius,471
Alphas,469
Dominion,469
Pregnant in Heels,469
Dirt,467
Top 5 Restaurants,467
Food Paradise International,466
Masters of Horror,462
Donnie Loves Jenny,462
Behind Bars: Rookie Year,462
Love Sick: The Series,461
Life on Mars,456
Up All Night,456
Fullmetal Alchemist: Brotherhood,455
Extras,455
The Wrong Mans,455
Upstairs Downstairs,455
Togetherness,455
Scream Queens,455
Helix,455
Femme Fatales,455
Boomtown,455
Terminator: The Sarah Connor Chronicles,453
Ground Floor,453
Murder Book,450
Patrol Boat,450
Remedy,449
Acusados,449
The Bridge,448
In the Flesh,448
The Forsyte Saga,448
Little Women: NY,448
Bitchin' Rides: Beyond Bitchin',448
Young Hercules,444
BBQ Pit Wars,444
Largo Winch,443
Sidonia no Kishi,442
The Making of The Mob,441
The Invaders,441
Married,441
Tornado Alley,441
The Smoking Room,441
Wayward Pines,440
The Paradise,439
Welcome to Sweden,439
Spy,439
Still The King,436
The Red Road,434
The Client List,434
Mecum Dealmakers,434
Burning Love,433
It's a Mann's World,433
The Glee Project,429
Child Genius,429
Extreme Escapes,428
Important Things with Demetri Martin,428
Dark Blue,427
Looking,427
Extant,427
The Cleaner,427
Crash,427
"Love, Lust or Run",427
Big Smo,426
Candidly Nicole,426
Women in Prison,425
Rookies,421
Marvel's Agent Carter,420
Breakout Kings,420
Graves,420
71 Degrees North,420
Ice Lake Rebels,420
Leah Remini: It's All Relative,419
The Riches,414
TekWar,414
Cleopatra 2525,413
Sex&Drugs&Rock&Roll,413
Kingin' with Tyga,412
Wolverine and the X-Men,410
The Huntress,410
Food Fighters,408
Between,407
Famous in Love,407
The Job,406
The Legend of Mick Dodge,406
Redwood Kings,406
Sirens,404
King,404
The Jim Gaffigan Show,403
Zwarte Tulp,403
The High Life,402
Copper,399
All-American Makers,399
All-Star Academy,399
Beyond the Tank,399
Man vs. Child: Chef Showdown,399
Boston EMS,399
Sea Patrol UK,399
Gunslingers,399
The New Avengers,398
Highlander: The Animated Series,397
Sledgehammer,397
Eat: The Story of Food,394
Galavant,392
America's Most Desperate Kitchens,392
Human Target,388
Hay alguien ahí,388
Soccer Superstar,387
The Secret War,384
The Carrie Diaries,382
Off Centre,382
Home Free,379
BBQ Rules,379
Sleeper Cell,378
Twisted,378
500 Questions,378
CSI: Cyber,375
Running of the Bulls,372
A Young Doctor's Notebook,371
Outcast,367
Life Unexpected,365
West Texas Investors Club,365
Boss,364
Witches of East End,364
True Justice,364
October Road,361
Christina Milian Turned Up,359
Good Girls Revolt,358
The Hard Times of RJ Berger,358
Immortal Lee Soon Shin,358
Ushio to Tora,357
Reno Rumble,357
Sex Slaves,357
Where the Action Is,353
WWE Swerved,351
Dollhouse,350
The Willis Family,350
Livin' Lozada,350
Lekker Nederlands,349
Caprica,347
Six Degrees,343
Bureau Raampoort,341
Lipstick Jungle,337
The Adventures of Tom Sawyer,336
Worlds Funniest Fails,336
Newswipe,335
The Prancing Elites Project,335
Miracles,333
Friends of the People,331
King Gwanggaeto the Great,330
Better Off Ted,328
Kidnapped,326
Mr. Sunshine,326
Future-Worm!,325
ThunderCats,323
Resurrection,322
Heroes of Cosplay,322
"Dog Town, USA",322
Cracked,321
10 Things I Hate About You,321
Cleaners,320
Atlanta Plastic,320
Standoff,318
Jack of All Trades,315
Motivos Personales,315
Boston's Finest,314
Notes from the Underbelly,313
Babylon,312
What History Forgot,312
Ronin Warriors,308
Special Unit 2,308
The Writers' Room,308
Monica the Medium,307
Cabin Truckers,307
Dara O Briain's Science Club,296
Freaks and Geeks,287
Valentine,287
My Five Wives,287
How to Be a Grown Up,287
America the Beautiful,287
666 Park Avenue,286
Law & Order: LA,285
Studio 60 on the Sunset Strip,283
Planet Earth,280
Voyagers!,280
Stripperella,280
The Adventures of Tintin,273
Betas,273
I Am Cait,273
Blood Ties,271
How to Be a Gentleman,268
Smash Lab,267
Death Note,266
"The Adventures of Brisco County, Jr.",266
Fate/Stay Night: Unlimited Blade Works,266
Space Dandy,266
Gate,266
Complete Savages,266
Junk Food Flip,266
Aldnoah.Zero,265
Dinotopia,262
Commander in Chief,260
Back to You,260
Bunheads,259
Nellyville,259
God Eater,258
Polka Kings,258
Man from Atlantis,257
Barmageddon,257
Fresh Beat Band of Spies,256
Tron: Uprising,255
The McCarthys,254
RoboCop,253
Dark Skies,252
Our Little Family,252
Hellcats,251
The Net,251
Go On,246
FlashForward,245
The Event,245
Ali G: Rezurection,245
RV Nation,245
Daphne Dishes,245
Born Again Virgin,245
Stone Quackers,244
Chase,243
Rewrapped,243
Running Wilde,242
Fake Off,240
The Crow: Stairway to Heaven,239
Run of the House,239
The Get Down,238
The Secret Circle,238
Queen of Swords,238
Invasion,238
What Could Possibly Go Wrong?,235
Highlander: The Raven,233
Outsourced,231
Moonlight,231
Better with You,231
Trophy Wife,231
Mortal Kombat: Conquest,231
WWE Slam City,231
Freddie,231
Tracker,231
Air America,231
Stalker,229
Once a Thief,229
Vegas,227
Forever,225
Partners,225
Starman,225
Wolf Lake,224
Adventure Inc.,224
Now and Again,224
Grandfathered,224
Harsh Realm,224
The Grinder,224
Watchmen: The Motion Comic,221
I Just Want My Pants Back,221
Gantz,220
Do No Harm,219
Fastlane,219
Hollywood Squares,218
Limitless,217
Ringer,217
Country Buck$,217
WWE Quick Hits,216
Women's Murder Club,214
The Assets,213
Accidentally on Purpose,212
Fear Itself,212
Marry Me,212
Vientos de Agua,212
Jane by Design,210
The Time Tunnel,210
The Michael J. Fox Show,209
The Tomorrow People,208
Wizard Wars,205
The New Normal,204
Sym-Bionic Titan,204
The Crazy Ones,203
Honey West,203
Pawnography,203
Tattoos After Dark,202
Angel from Hell,198
Medical Investigation,197
Chain Reaction,197
Out of Practice,191
One Bad Choice,190
No Ordinary Family,189
Cristela,189
Code Name: Eternity,189
The Firm,188
Legends of the West,187
Players,186
Herman Wouk's War and Remembrance,182
Air Master,182
Flash Gordon,182
Tatakau Shisho: The Book of Bantorra,182
Os Filhos do Rock,181
The Secret Adventures of Jules Verne,181
Detroit 1-8-7,180
Uncle Buck,180
Line of Fire,180
Celebrated,179
Doubt,178
Black Scorpion,176
Berserk,175
Claymore,175
Sorcerer Hunters,175
Eleventh Hour,175
Neon Genesis Evangelion,175
Kill la Kill,175
Once Upon a Time in Wonderland,175
Suikoden,175
Tokyo Undergeround,175
Bubblegum Crisis: Tokyo 2040,174
Zero Hour,170
Talia in the Kitchen,170
The Defenders,170
The WWE List,169
The Best Lee Soon Shin,169
Kiseijuu,168
Guys with Kids,168
Shirobako,168
Tokyo Ravens,168
The Class,168
Enlisted,163
Clone High,162
Angel o Demonio,162
Prototype This!,162
Steins;Gate,161
A Gifted Man,161
Akame Ga Kill!,161
Painkiller Jane,161
The Muppets,161
Fate/Stay Night,161
The Watcher,161
"The $10,000 Pyramid",156
Rake,155
My So-Called Life,154
Bij Dino in de Straat,154
Jake 2.0,149
Pan Am,147
$#*! My Dad Says,147
Dads,147
Red Band Society,143
Cult,143
Secret Agent Man,143
Malibu Country,140
Surface,140
Super Fun Night,140
ATM 2 Romance Error,140
Epic Meal Empire,139
Cupid,138
The 2000s: A New Reality,138
Kingdom Hospital,134
Birds of Prey,133
Mulaney,133
Threat Matrix,133
Kings,132
Masters of Science Fiction,127
Sex Sent Me to the Slammer,127
The Prisoner,126
Rubicon,126
Police Squad!,126
That '80s Show,126
The Finder,120
LEGO Star Wars: Droid Tales,119
Last Resort,119
Strange Empire,119
Heroes Reborn,119
Ben and Kate,119
Fantasy Island,119
Breaking Point,119
Big Shots,119
Prophets of Science Fiction,119
8-Oct,119
Hollywood Heights,116
100 Miles from Nowhere,115
Primeval: New World,113
"Emily Owens, M.D.",112
Constantine,112
Believe,112
Bad Judge,112
Sean Saves the World,112
Brimstone,112
A to Z,112
The Mob Doctor,112
Amish Renogades,112
Verano Azul,112
Uncompromising,109
Time Traveling with Brian Unger,108
Day Break,107
Almost Human,106
Chaos,106
Crusoe,106
UFO Conspiracies,106
The Chicago Code,105
Paranoia Agent,105
Ravenswood,105
The Starlost,105
Camelot,105
Life As We Know It,105
Missing in Alaska,103
1600 Penn,101
Cedric's Barber Battle,101
Mann & Machine,100
Backstrom,98
"Now and Then, Here and There",98
Hellsing,98
Planet of the Apes,98
The Messengers,98
Criminal Minds: Suspect Behavior,98
Undercovers,98
Nostradamus Effect,98
Crisis,97
Touching Evil,94
jPod,94
Harper's Island,93
Bad Teacher,93
Swingtown,92
Firefly,91
Endgame,91
Containment,91
K-Ville,91
The Gates,91
Selfie,91
The Whispers,91
Dracula,91
State of Affairs,91
Hunters,91
Olympus,91
Barn Hunters,91
Ultimate Homes,91
Walk of Shame Shuttle,90
Pirate Master,89
Mississippi Men,89
Underemployed,88
Gangsta.,87
"Say ""I Love You""",86
Journeyman,86
Pippi Longstocking,85
Jurassic Fight Club,85
Terriers,84
The Dresden Files,84
Elfen Lied,84
Crusade,84
Wonderfalls,84
Lights Out,84
Off the Map,84
Terra Nova,84
The Lover,84
Awake,84
Mixology,84
Battle Creek,84
Serial Experiments Lain,84
Star-Crossed,84
Allegiance,84
Matador,84
Gang Related,84
American Odyssey,84
Metal Fighter Miku,84
Mortal Kombat: Defenders of the Realm,84
How to Live with Your Parents (for the Rest of Your Life),84
My Crazy Love,84
Would You Rather...? with Graham Norton,84
Najica Blitz Tactics,84
Nobunagun,84
Oorlogswinter,84
A Sale of Two Cities,84
Intelligence,83
Defying Gravity,82
Persons Unknown,82
Killer Women,82
Vanished,81
Food Truck Face Off,81
Mental,80
Andrew Marr's History of the World,80
Monument Guys,80
"I, Claudius",77
Boogiepop Phantom,77
Sinbad,77
Combat Hospital,77
The Black Donnellys,77
The Middleman,77
Conviction,77
Death Parade,77
Golden Boy,77
Blade: The Series,77
Rokka no Yuusha,77
Blood & Oil,77
The Comedians,77
Aoki Hagane no Arpeggio: Ars Nova,77
A.D. The Bible Continues,77
Siberia,77
Angry Boys,77
Yatterman Night,77
Amnesia,77
Oniichan Dakedo Ai Sae Areba Kankeinai Yo Ne!,77
Branson Famous,77
Playmakers,77
Junketsu No Maria,77
BOOM!,77
Video Village,77
Outrageous Acts of Psych,77
Aoharu x Machinegun,77
Geeks Who Drink,77
Reckless,76
Those Who Kill,76
Second Chance,72
Trust Me,71
Limitless with Theresa Vail,71
Brideshead Revisited,70
Gracepoint,70
Athena: Goddess of War,70
Deception,70
Ancient Impossible,70
Orange Marmalade,70
Alcatraz,70
Minority Report,70
The Lottery,70
Truth Be Told,70
Open Heart,70
Museum Men,70
The Whole Truth,70
Tokyo Airport : Air Traffic Service,70
Tokyo Control,70
Preachers of Detroit,70
Best New Restaurant,70
Kart Life,70
Four Kings,70
Miss Pilot,70
Twinning,70
Traveler,69
The Lone Gunmen,68
Threshold,67
Manhattan Love Story,65
The Grace Helbig Show,65
Startup U,65
Next Step Realty: NYC,65
Happy Town,64
Wicked City,64
Crossbones,64
Comrades,64
The Pacific,63
The White Queen,63
Rush,63
King & Maxwell,63
Happyish,63
The Brink,63
"Big Time in Hollywood, FL",63
In Vlaamse Velden,63
Recovery Road,63
GCB,63
The Returned,63
Proof,63
Dig,63
Benched,63
The Astronaut Wives Club,63
Hindsight,63
Monday Mornings,63
Your Family or Mine,63
Clipped,63
The Nine Lives of Chloe King,63
Red Widow,63
Significant Mother,63
Eye Candy,63
Bionic Woman,63
Billy & Billie,63
The Chair,63
On the Menu,63
Kourtney & Khloe Take the Hamptons,63
Nail'd It!,63
Top Chef Duels,63
Audrina,63
In a Land of Plenty,63
Brad Meltzer's Lost History,63
John from Cincinnati,63
Framework,63
Noord Zuid,63
Moment of Truth,63
Repeat After Me,63
The First World War,63
Girl Code Live,63
Camp,63
Becoming Us,63
Black Sash,63
The Seventies,63
Heartland,63
101 Amazing Thrills,63
Mysteries at the Hotel,63
WWE Tough Talk,63
Gainesville: Friends Are Family,63
Suave Says,62
The Cape,61
Outlaw,59
Feed the Beast,58
3 Days,58
The Woodsmen,58
Home Factory,58
Point Pleasant,57
Job or No Job,57
Band of Brothers,56
Complications,56
The Player,56
Luck,56
Public Morals,56
Low Winter Sun,56
Man Up!,56
Family Tree,56
Euros of Hollywood,56
Street Art Throwdown,56
Project Runway: Threads,56
Whodunnit?,56
"Mud, Sweat and Gears",56
Scoundrels,56
Cold Justice: Sex Crimes,56
Happy Hour,56
Mother Funders,56
Treetop Cat Rescue,56
Compass with Sheila MacVicar,56
Over My Dead Body,56
The Hustlers,56
Lachey's Bar,56
De Oorlog,56
Million Dollar Listing: San Francisco,56
Broke Bites: What the Fung?!,56
Brides Gone Styled,55
Um Mundo Catita,53
Swab Stories,51
Bleak House,50
Hair Jacked,50
Air City,50
Human Planet,49
The Honourable Woman,49
Hunted,49
World Without End,49
Best Time Ever with Neil Patrick Harris,49
Becoming Human,49
Hiding,49
1864,49
Garfunkel and Oates,49
Glue,49
The Lizzie Borden Chronicles,49
Intruders,49
Happyland,49
Cucumber,49
The Jeff Dunham Show,49
The Slap,49
Other Space,49
Hello Ladies,49
Slednecks,49
Wake Up Call,49
Kitchen Inferno,49
Bye Felicia!,49
Talking Bad,49
Alaska Off-Road Warriors,49
Summer Heights High,49
Boston Med,49
Almost Heroes,49
Coaching Bad,49
Funny Girls,49
Cabin Fever,49
Aloha Vet,49
That's My Bush!,49
La Chica de Ayer,49
Flipping Ships,49
Sons of Winter,49
Dead End Express,49
Leepu & Pitbull,49
Todrick,49
Bullseye,49
Why? With Hannibal Buress,49
Secrets and Wives,49
Splash,49
Jessica Simpson's The Price of Beauty,49
My Million Dollar Invention,49
Altered Course,49
Player Gets Played,49
Consumed: The Real Restaurant Business,49
Beach Flip,49
Cuban Chrome,49
Van Dis in Indonesië,49
Fight Girls,49
Yukon River Run,49
Don't Blink,49
The Armando Iannucci Shows,49
The Day I Almost Died,49
Buying the Rockies,49
A Wicked Offer,49
America's Next Weatherman,49
Big Women: Big Love,48
Odisseia,48
Unit Luchtvaartpolitie,48
Cashmere Mafia,45
Desean Jackson: Home Team,45
Punta Escarlata,44
Born in the Wild,44
Stewarts & Hamiltons,43
Generation Kill,42
Jonathan Strange & Mr. Norrell,42
Banished,42
The Shadow Line,42
Long Way Round,42
One Big Happy,42
Surviving Jack,42
Jekyll,42
The River,42
Outlaw Country,42
Seven Ages of Rock,42
Alaska: Battle on the Bay,42
Iris,42
Cavemen,42
Into the West,42
Ghosts in My House,42
Friends to Lovers?,42
The Island,42
The Bad Girl's Guide,42
Watt's World,42
3AM,42
Zie ze vliegen,42
Save My Life: Boston Trauma,42
It Takes a Sister,42
New Amsterdam,41
Godfather of Pittsburgh,41
Dare to Wear,41
Animals LOL,41
Life's Too Short,40
Southern Fried Road Trip,40
Get Swank'd,40
Refugiados,39
DTLA,38
Big Crazy Family Adventure,38
The Josh Wolf Show,38
Kosher Soul,37
Opposite Worlds,36
Land Rush,36
The Next Great Burger,36
Spartacus: Gods of the Arena,35
Our Zoo,35
Wolf Hall,35
John Adams,35
Garth Marenghi's Darkplace,35
Nathan Barley,35
Pride and Prejudice,35
The Pillars of the Earth,35
The Delivery Man,35
Political Animals,35
Little Britain USA,35
Hit & Miss,35
Winter,35
Tatau,35
The Fades,35
Mr. Sloane,35
Whites,35
The Inside,35
The Body Farm,35
Weird Loners,35
Snuff Box,35
Partners in Crime,35
The Kill Point,35
100 Questions,35
Friends with Benefits,35
Neverwhere,35
I Can Do That,35
Town of the Living Dead,35
Life Is Toff,35
Eric Greenspan is Hungry,35
Wrestling with Death,35
Love the Way You Lie,35
The Pioneers,35
Risking It All,35
The State Within,35
Bonekickers,35
Clone,35
No Heroics,35
Ja'mie: Private School Girl,35
Jonah from Tonga,35
The Deep End,35
Naked Vegas,35
Love Thy Sister,35
Big Giant Swords,35
Stranded,35
Fire in the Hole,35
Apparitions,35
Mankind: The Story of All of Us,35
FM,35
Meet the Smiths,35
Did He Do It?,35
Good Work,35
Everything You Didn't Know About Animals,35
We Can Be Heroes,35
Lost in Transmission,35
Hank,35
Reactor,35
Big Trouble in Thailand,35
Auschwitz: Hitler's Final Solution,35
Craziest Restaurants in America,35
American Takedown,35
Mummies Alive,35
The Crimson Field,35
Untouchable: Power Corrupts,35
Race to Escape,35
The Work Experience,35
Search for the Lost Giants,35
Hollywood Cycle,35
American Rehab: Virginia,35
The Comment Section,35
Sex On//,35
Steak Out with Kix Brooks,35
WWII's Greatest Raids,35
Catterick,35
The Day Today,35
"Knowing Me, Knowing You with Alan Partridge",35
Answered Prayers,35
Beyond Scared Straight: Extreme Teens,35
Heroes of the Skies,35
War Heroes of the Skies,35
Exploring Kaman,35
Outlaw Chronicles: Hells Angels,35
American Titans,35
Project Afterlife,35
Outcasts,34
Come Fly with Me,33
Great American Food Finds,33
Sorority Sisters,32
Arctic Rescue,32
The Security Brief with Paul Viollis,32
Sniper Standoff,32
The Briefcase,30
Smile,29
The 10th Kingdom,28
Battlestar Galactica: Blood & Chrome,28
Gallipoli,28
Kampen om tungtvannet,28
Parade's End,28
The Bible,28
Spotless,28
The Spoils of Babylon,28
The Deep,28
Halo 4: Forward Unto Dawn,28
Paradox,28
Kröd Mändoon and the Flaming Sword of Fire,28
Lightfields,28
Halo: Nightfall,28
Gates,28
North America,28
The Yard,28
A Very Barry Branson,28
Sex Box,28
Marchlands,28
8 Minutes,28
Eyes,28
Unhitched,28
Catching Monsters,28
New Money,28
I Was Possessed,28
Carrie's War,28
Secret Brazil,28
Dogs of War,26
1915,26
Dates,23
Emma,21
The Devil's Whore,21
Inside Men,21
Atlantic Convoys: The War at Sea,21
Hidden,21
Fleming: The Man Who Would Be Bond,21
The Grid,21
Dancing on the Edge,21
Chasing Shadows,21
The Great Fire,21
Titanic,21
Jane Eyre,21
Texas Rising,21
RoboCop: Prime Directives,21
The Crimson Petal and the White,21
Ramsay's Costa Del Nightmares,21
Crowd Control,21
My Strange Criminal Addiction,21
The Sisterhood: Becoming Nuns,21
Les Rois Maudits,21
Wives and Daughters,21
Wild Transport,21
Worst Place to Be a Pilot,21
The Manipulation Game,21
My City's Just Not That Into Me,21
Strange Love,21
Min Krig,21
Brazil Red,21
Walking the Nile,21
Jump!,21
The Watch,21
Nightmares & Dreamscapes,21
Vacation Chasers,21
"Bernhard, Schavuit van Oranje",21
Sex with Brody,21
Britain's Great War,21
Rusty's Rockfeast: Backstage with Zac Brown Band,21
On the Record with Mick Rock,21
From Wags to Riches with Bill Berloni,21
"God, The Devil and Bob",19
ReactToThat,17
"Sex, Death and the Meaning of Life",17
Epic Attractions,17
The Playboy Club,14
Black Work,14
The Widower,14
The Secret of Crickley Hall,14
Quirke,14
Mildred Pierce,14
Mob City,14
The Town,14
Welcome to the Family,14
The Escape Artist,14
The Driver,14
The Casual Vacancy,14
Mr. Robinson,14
Long Shadow,14
Sacred Journeys with Bruce Feiler,14
Posh People: Inside Tatler,14
South Riding,14
Significant Others,14
Our World War,14
Résistance,14
"Love, Lust or Run: Wear Are They Now",14
U-Boat War,14
Masters of Money,14
Place of Execution,14
The Truth About Cats,14
The Ice Cream Girls,14
First Peoples,14
The Politician's Husband,14
I Escaped My Killer,14
Beyond Scared Straight: Back Talk,14
Murderland,14
Wild Burma: Nature's Lost Kingdom,14
Operation Wild,14
We're Moving In,14
Life on the Reef,14
Taken,11
Bush Pilots,11
Drive,10
The Slim Shady Show,9
Mission: 4Count,9
The Outcast,7
Angels in America,7
Lone Star,7
The Kennedys,7
Birdsong,7
Code of a Killer,7
Ben Hur,7
The Elegant Universe,7
Spies of Warsaw,7
Labyrinth,7
The Italian Americans,7
Neighbors with Benefits,7
My Guide to Becoming a Rock Star,7
My Generation,7
Card Sharks,7
Civil War: Blood on the Battlefields,7
Trashformers,7
Knock Knock Live,7
Big Blue Live,7
Hitler's War,7
Super High Roller Celebrity Shootout,7
Herman Wouk's The Winds of War,6
Dr. Horrible's Sing-Along Blog,4
Over the Garden Wall,4
Stephen King's The Stand,4
Rosemary's Baby,4
Rose Red,4
Dead Set,4
The Passing Bells,4
5ive Days to Midnight,4
The Shining,4
WWII in HD,4
Holocaust,4
One Night,4
Dune,3
"Unsere Mütter, unsere Väter",3
Wild Palms,3
The Lost Room,2
Hatfields & McCoys,2
Sons of Liberty,2
The Triangle,2
Children of Dune,2
Ascension,2
Great Expectations,2
Death Comes to Pemberley,2
The World Wars,2
37 Days,2
Tut,2
Klondike,2
The Spoils Before Dying,2
Cancer: The Emperor of All Maladies,2
Houdini,1
Olive Kitteridge,1
The Red Tent,1
Restless,1
The Dovekeepers,1
Fallen,1
Alice,1
Bag of Bones,1
Neverland,1
Legend of Earthsea,1
Biblical Conspiracies,1
Treasure Island,1
Above and Beyond,1
Uranium: Twisting the Dragon's Tail,1
North & South,0
The After,0
Marvel's The Defenders,0
Virtuality,0
Casanova,0
Wet Hot American Summer: First Day of Camp,0
Residue,0
Inhumans,0
Hitler the Junkie,0
Earth: A New Wild,0
Heroes of Aviation,0
Resident Advisors,0
Colditz,0
Us,0
The Art of Foley,0
Big Night Out,0
WWI: The First Modern War,0
Мой капитан,0
South Beach,0
Up from Slavery,0
Surviving the Cut,-1300
